<?xml version="1.0" encoding="UTF-8"?><yiapl:YIAPL_FlightLegNotifRQ xmlns:yiapl="yiapl.co.in/root/schema" xmlns:aidx="http://www.iata.org/IATA/2007/00" xmlns:xsi="http://www.w3.org/2001/XMLSchema-instance" xsi:schemaLocation="yiapl.co.in/root/schema YIAPL_FlightLegNotifRQ.xsd">
    <yiapl:YIAPL_Header>
        <yiapl:SequenceNumber>127992</yiapl:SequenceNumber>
        <yiapl:SendingSystem>AODB</yiapl:SendingSystem>
        <yiapl:MessageType>FLTU</yiapl:MessageType>
        <yiapl:MessageSubType>FCKI</yiapl:MessageSubType>
        <yiapl:ServiceType>J</yiapl:ServiceType>
        <yiapl:Terminal>T1</yiapl:Terminal>
        <yiapl:OriginatorTimeStamp>2024-11-11T09:17:18.700Z</yiapl:OriginatorTimeStamp>
    </yiapl:YIAPL_Header>
    <aidx:IATA_AIDX_FlightLegNotifRQ Version="21.3">
        <aidx:Originator Code="aero.sita" CompanyShortName="SITA"/>
        <aidx:DeliveringSystem Code="ICAD.com" CompanyShortName="ICAD"/>
        <aidx:FlightLeg>
            <aidx:LegIdentifier>
                <aidx:Airline CodeContext="3">6E</aidx:Airline>
                <aidx:FlightNumber>7659</aidx:FlightNumber>
                <aidx:DepartureAirport CodeContext="3">DXN</aidx:DepartureAirport>
                <aidx:ArrivalAirport CodeContext="3">BHO</aidx:ArrivalAirport>
                <aidx:OriginDate>2024-11-11</aidx:OriginDate>
            </aidx:LegIdentifier>
            <aidx:LegData>
                <aidx:AirportResources Usage="Actual">
                    <aidx:Resource DepartureOrArrival="Departure">
                        <aidx:CheckInInfo xsi:nil="true"/>
                    </aidx:Resource>
                </aidx:AirportResources>
            </aidx:LegData>
            <aidx:TPA_Extension>
                <yiapl:AODBFlightID>DEP_2747585</yiapl:AODBFlightID>
            </aidx:TPA_Extension>
        </aidx:FlightLeg>
    </aidx:IATA_AIDX_FlightLegNotifRQ>
</yiapl:YIAPL_FlightLegNotifRQ>