<?xml version="1.0" encoding="UTF-8"?><yiapl:YIAPL_FlightLegNotifRQ xmlns:yiapl="yiapl.co.in/root/schema" xmlns:aidx="http://www.iata.org/IATA/2007/00" xmlns:xsi="http://www.w3.org/2001/XMLSchema-instance" xsi:schemaLocation="yiapl.co.in/root/schema YIAPL_FlightLegNotifRQ.xsd">
    <yiapl:YIAPL_Header>
        <yiapl:SequenceNumber>128092</yiapl:SequenceNumber>
        <yiapl:SendingSystem>AODB</yiapl:SendingSystem>
        <yiapl:MessageType>FLTU</yiapl:MessageType>
        <yiapl:MessageSubType>FGAT</yiapl:MessageSubType>
        <yiapl:ServiceType>J</yiapl:ServiceType>
        <yiapl:Terminal>T1</yiapl:Terminal>
        <yiapl:OriginatorTimeStamp>2024-11-11T09:35:51.964Z</yiapl:OriginatorTimeStamp>
    </yiapl:YIAPL_Header>
    <aidx:IATA_AIDX_FlightLegNotifRQ Version="21.3">
        <aidx:Originator Code="aero.sita" CompanyShortName="SITA"/>
        <aidx:DeliveringSystem Code="ICAD.com" CompanyShortName="ICAD"/>
        <aidx:FlightLeg>
            <aidx:LegIdentifier>
                <aidx:Airline CodeContext="3">6E</aidx:Airline>
                <aidx:FlightNumber>1150</aidx:FlightNumber>
                <aidx:DepartureAirport CodeContext="3">DXN</aidx:DepartureAirport>
                <aidx:ArrivalAirport CodeContext="3">BOM</aidx:ArrivalAirport>
                <aidx:OriginDate>2024-11-11</aidx:OriginDate>
            </aidx:LegIdentifier>
            <aidx:LegData>
                <aidx:AirportResources Usage="Actual">
                    <aidx:Resource DepartureOrArrival="Departure">
                        <aidx:PassengerGate RepeatIndex="1">A6</aidx:PassengerGate>
                    </aidx:Resource>
                </aidx:AirportResources>
            </aidx:LegData>
            <aidx:TPA_Extension>
                <yiapl:AODBFlightID>DEP_2747453</yiapl:AODBFlightID>
                <yiapl:GateInformation RepeatIndex="1">
                    <yiapl:Area>GT</yiapl:Area>
                    <yiapl:GateCode>A6</yiapl:GateCode>
                    <yiapl:GateStart>2024-11-11T09:30:00.000Z</yiapl:GateStart>
                    <yiapl:GateEnd>2024-11-11T10:00:00.000Z</yiapl:GateEnd>
                    <yiapl:Terminal>T1</yiapl:Terminal>
                    <yiapl:AirlineIATACode>6E</yiapl:AirlineIATACode>
                    <yiapl:AirlinePaxGHA>6E</yiapl:AirlinePaxGHA>
                </yiapl:GateInformation>
            </aidx:TPA_Extension>
        </aidx:FlightLeg>
    </aidx:IATA_AIDX_FlightLegNotifRQ>
</yiapl:YIAPL_FlightLegNotifRQ>